<updates>
    <update>
        <name>mod_eventchart</name>
        <description>Module to display a line chart of event bookings.</description>
        <element>mod_eventchart</element>
        <type>module</type>
        <version>0.0.13</version>
        <tags>
			<tag>RC</tag>
		</tags>
        <infourl title="Event Chart releases">https://github.com/franshst/Event-chart/releases</infourl>
        <downloads>
            <downloadurl type="full" format="zip">https://github.com/franshst/Event-chart/releases/download/v0.0.13/mod_eventchart.zip</downloadurl>
        </downloads>
        <maintainer>Frans Stuurman</maintainer>
        <maintainerurl>https://github.com/franshst</maintainerurl>
        <targetplatform name="joomla" version="4.0"/>
        <php_minimum>8.0</php_minimum>
        <client>site</client>
    </update>
</updates>