<updates>
    <update>
        <name>Eventchart</name>
        <description>Module to display a line chart of event bookings.</description>
        <element>mod_eventchart</element>
        <type>module</type>
        <version>0.0.9 RC</version>
        <downloads>
            <downloadurl type="full" format="zip">https://github.com/franshst/Event-chart/releases/latest/download/mod_eventchart.zip</downloadurl>
        </downloads>
        <maintainer>Frans Stuurman</maintainer>
        <maintainerurl>https://github.com/franshst</maintainerurl>
        <targetplatform name="joomla" version="4.0"/>
        <client>site</client>
    </update>
</updates>