<?xml version="1.0" encoding="utf-8"?>
<extension type="module" client="site" method="upgrade">
    <name>mod_eventchart</name>
    <author>Frans Stuurman</author>
    <copyright>(c) Frans Stuurman 2024</copyright>
    <licence>MIT</licence>
    <version>0.0.14</version>
    <description>Module to display a line chart of event bookings.</description>
    <updateservers>
        <server type="extension" priority="1" name="Eventchart">https://github.com/franshst/Event-chart/releases/latest/download/eventchart_update.xml</server>
    </updateservers>
    <namespace>EventChartNamespace\Module\EventChart</namespace>
    <files>
        <filename>mod_eventchart.xml</filename>
        <filename module="mod_eventchart">mod_eventchart.php</filename>
        <folder>tmpl</folder>
        <folder>Helper</folder>
    </files>
    <config>
    </config>
</extension>